ID,FinalExamScore
101001,89.71
101002,84.49
101003,64.71
101004,71.19
101005,60.97
101006,86.62
101007,54.97
101008,64.16
101009,68.92
101010,85.88
101011,75.97
101012,69.55
101013,51.08
101014,50.02
101015,71.7
101016,80.78
101017,95.18
101018,90.57
101019,83.03
101020,62.11
101021,93.13
101022,66.84
101023,82.18
101024,66.35
101025,63.52
101026,75.3
101027,63.38
101028,75.8
101029,78.89
101030,74.22
101031,61.24
101032,67.06
101033,64.69
101034,57.32
101035,78.79
101036,61.16
101037,72.44
101038,94.75
101039,84.81
101040,62.35
101041,83.76
101042,99.95
101043,65.76
101044,63.02
101045,91.56
101046,84.35
101047,79.08
101048,55.58
101049,56.2
101050,60.49
101051,91.9
101052,87.07
101053,86.81
101054,68.44
101055,63.32
101056,90.28
101057,84.93
101058,72.44
101059,72.37
101060,61.33
101061,62.72
101062,78.3
101063,80.46
101064,70.43
101065,82.27
101066,77.17
101067,61.54
101068,68.57
101069,72.71
101070,86.95
101071,94.17
101072,72.54
101073,66.81
101074,82.16
101075,90.09
101076,78.77
101077,79.49
101078,73.06
101079,69.9
101080,73.52
101081,76.32
101082,69.67
101083,89.45
101084,69.65
101085,74.78
101086,80.7
101087,59.09
101088,59.06
101089,70.59
101090,76.13
101091,62.75
101092,80.23
101093,97.62
101094,61.26
101095,83.89
101096,64.58
101097,60.8
101098,75.9
101099,91.8
101100,73.8
101101,77.53
101102,91.38
101103,61.24
101104,81.97
101105,91.2
101106,89.57
101107,65.95
101108,61.45
101109,87.0
101110,85.88
101111,52.22
101112,86.06
101113,79.35
101114,86.0
101115,77.77
101116,87.12
101117,58.61
101118,65.44
101119,79.03
101120,65.03
101121,79.51
101122,65.77
101123,77.88
101124,76.39
101125,81.37
101126,81.46
101127,77.45
101128,78.94
101129,59.3
101130,88.4
101131,69.19
101132,68.75
101133,72.12
101134,70.93
101135,77.63
101136,80.93
101137,68.24
101138,82.33
101139,58.14
101140,88.44
101141,74.12
101142,81.67
101143,90.62
101144,92.15
101145,80.27
101146,71.78
101147,59.72
101148,91.39
101149,74.39
101150,87.11
101151,77.51
101152,77.28
101153,81.15
101154,75.71
101155,80.72
101156,70.07
101157,59.67
101158,84.19
101159,92.92
101160,86.72
101161,79.92
101162,69.71
101163,69.65
101164,51.58
101165,58.21
101166,65.21
101167,74.56
101168,83.76
101169,62.52
101170,65.23
101171,72.5
101172,70.29
101173,70.33
101174,68.89
101175,67.43
101176,66.28
101177,78.31
101178,88.06
101179,87.31
101180,85.35
101181,79.12
101182,61.01
101183,64.01
101184,76.27
101185,77.84
101186,70.41
101187,78.08
101188,73.44
101189,78.51
101190,59.39
101191,88.12
101192,90.64
101193,63.29
101194,85.6
101195,66.74
101196,67.27
101197,81.57
101198,60.76
101199,87.34
101200,69.56
